body	n	vücut, beden	Exercise is good for your body.	Egzersiz vücudun için iyidir.
require	v	gerektirmek	This job requires patience.	Bu iş sabır gerektirir.
wait	v	beklemek	Wait for me here.	Beni burada bekle.
general	adj	genel	This is a general rule.	Bu genel bir kural.
appear	v	görünmek, ortaya çıkmak	A man appeared at the door.	Kapıda bir adam belirdi.
toward	prep	-e doğru	He walked toward the sea.	Denize doğru yürüdü.
team	n	takım, ekip	Which team do you support?	Hangi takımı tutuyorsun?
easy	adj	kolay	The test was easy.	Sınav kolaydı.
individual	adj	bireysel, tek	Each individual student gets a book.	Her bir öğrenci bir kitap alır.
full	adj	dolu; tok	The bus is full.	Otobüs dolu.
black	adj	siyah	I have a black cat.	Siyah bir kedim var.
sense	n	duyu; anlam; his	It doesn't make sense.	Bunun bir anlamı yok.
perhaps	adv	belki	Perhaps he is ill.	Belki hastadır.
add	v	eklemek	Add some salt to the soup.	Çorbaya biraz tuz ekle.
rule	n	kural	You must follow the rules.	Kurallara uymalısın.
pass	v	geçmek; uzatmak	Did you pass the exam?	Sınavı geçtin mi?
produce	v	üretmek	This factory produces cars.	Bu fabrika araba üretiyor.
sell	v	satmak	They sell fresh bread.	Taze ekmek satıyorlar.
short	adj	kısa	She has short hair.	Kısa saçları var.
agree	v	katılmak, aynı fikirde olmak	I agree with you.	Sana katılıyorum.
law	n	kanun, hukuk	Everyone must obey the law.	Herkes kanuna uymalı.
everything	pron	her şey	Everything is ready.	Her şey hazır.
research	n	araştırma	She does research on cancer.	Kanser üzerine araştırma yapıyor.
cover	v	örtmek, kaplamak	Snow covered the streets.	Kar sokakları kapladı.
paper	n	kâğıt; gazete	I need a piece of paper.	Bir parça kâğıda ihtiyacım var.
position	n	konum; pozisyon	What is your position in the company?	Şirketteki pozisyonun ne?
near	prep	yakınında	We live near the station.	İstasyonun yakınında oturuyoruz.
human	adj	insan, insani	Human life is precious.	İnsan hayatı değerlidir.
computer	n	bilgisayar	My computer is very slow.	Bilgisayarım çok yavaş.
situation	n	durum	The situation is serious.	Durum ciddi.
staff	n	personel, çalışanlar	The staff were very friendly.	Personel çok güler yüzlüydü.
activity	n	etkinlik, faaliyet	Swimming is my favourite activity.	Yüzme en sevdiğim etkinlik.
film	n	film	Let's watch a film tonight.	Bu akşam bir film izleyelim.
morning	n	sabah	Good morning!	Günaydın!
war	n	savaş	Many people died in the war.	Savaşta birçok insan öldü.
account	n	hesap	I opened a bank account.	Bir banka hesabı açtım.
shop	n	dükkân, mağaza	The shop closes at eight.	Dükkân sekizde kapanıyor.
major	adj	büyük, önemli	This is a major problem.	Bu büyük bir sorun.
someone	pron	birisi	Someone is at the door.	Kapıda biri var.
above	prep	üstünde, yukarısında	There is a picture above the bed.	Yatağın üstünde bir resim var.
design	n	tasarım	I like the design of this house.	Bu evin tasarımını beğeniyorum.
event	n	olay, etkinlik	The wedding was a big event.	Düğün büyük bir olaydı.
special	adj	özel	Today is a special day.	Bugün özel bir gün.
sometimes	adv	bazen	Sometimes I walk to school.	Bazen okula yürüyerek giderim.
condition	n	durum, koşul	The car is in good condition.	Araba iyi durumda.
carry	v	taşımak	Can you carry this bag?	Bu çantayı taşıyabilir misin?
choose	v	seçmek	Choose a number.	Bir sayı seç.
father	n	baba	My father is a farmer.	Babam çiftçi.
decision	n	karar	It was a difficult decision.	Zor bir karardı.
table	n	masa; tablo	Dinner is on the table.	Yemek masada.
certain	adj	emin; belirli	I am certain he is right.	Onun haklı olduğundan eminim.
forward	adv	ileri	Please move forward.	Lütfen ilerleyin.
main	adj	ana, temel	This is the main road.	Bu ana yol.
die	v	ölmek	The plant died because of the cold.	Bitki soğuktan öldü.
bear	v	katlanmak, dayanmak; (n) ayı	I can't bear this noise.	Bu gürültüye dayanamıyorum.
cut	v	kesmek	Cut the bread, please.	Ekmeği kes lütfen.
describe	v	tarif etmek, anlatmak	Describe your house.	Evini anlat.
himself	pron	kendisi (erkek)	He hurt himself.	Kendini yaraladı.
available	adj	müsait, mevcut	Is this room available?	Bu oda müsait mi?
especially	adv	özellikle	I love fruit, especially apples.	Meyveyi, özellikle elmayı çok severim.
strong	adj	güçlü, kuvvetli	He is very strong.	O çok güçlü.
rise	v	yükselmek, doğmak	The sun rises in the east.	Güneş doğudan doğar.
girl	n	kız	The girl is reading a book.	Kız kitap okuyor.
maybe	adv	belki	Maybe we can meet tomorrow.	Belki yarın buluşabiliriz.
community	n	topluluk	We live in a small community.	Küçük bir toplulukta yaşıyoruz.
else	adv	başka	Do you want anything else?	Başka bir şey ister misin?
particular	adj	belirli, özel	Is there a particular reason?	Belirli bir sebebi var mı?
role	n	rol	She played an important role.	Önemli bir rol oynadı.
join	v	katılmak	Will you join us for dinner?	Akşam yemeğinde bize katılır mısın?
difficult	adj	zor	This question is difficult.	Bu soru zor.
please	adv	lütfen	Please sit down.	Lütfen oturun.
detail	n	ayrıntı	Tell me the details.	Bana ayrıntıları anlat.
difference	n	fark	What is the difference between them?	Aralarındaki fark ne?
action	n	eylem, hareket	We must take action now.	Şimdi harekete geçmeliyiz.
health	n	sağlık	Smoking is bad for your health.	Sigara sağlığına zararlı.
eat	v	yemek	What did you eat for lunch?	Öğle yemeğinde ne yedin?
step	n	adım; basamak	Take one step forward.	Bir adım öne çık.
true	adj	doğru, gerçek	Is it true?	Doğru mu?
phone	n	telefon	My phone is broken.	Telefonum bozuk.
themselves	pron	kendileri	They built the house themselves.	Evi kendileri yaptılar.
draw	v	çizmek	The child drew a cat.	Çocuk bir kedi çizdi.
white	adj	beyaz	She wore a white dress.	Beyaz bir elbise giydi.
date	n	tarih; buluşma	What is the date today?	Bugün ayın kaçı?
practice	n	alıştırma, pratik	Practice makes perfect.	Pratik mükemmelleştirir.
model	n	model, örnek	This is the new model.	Bu yeni model.
raise	v	kaldırmak; yetiştirmek	Raise your hand if you know.	Biliyorsan elini kaldır.
customer	n	müşteri	The customer is always right.	Müşteri her zaman haklıdır.
front	n	ön	Sit in the front.	Öne otur.
explain	v	açıklamak	Can you explain this?	Bunu açıklayabilir misin?
door	n	kapı	Close the door.	Kapıyı kapat.
outside	adv	dışarıda	The children are playing outside.	Çocuklar dışarıda oynuyor.
behind	prep	arkasında	The garden is behind the house.	Bahçe evin arkasında.
economic	adj	ekonomik	The country has economic problems.	Ülkenin ekonomik sorunları var.
site	n	yer, alan; site	This is a building site.	Burası bir inşaat alanı.
approach	n	yaklaşım	We need a new approach.	Yeni bir yaklaşıma ihtiyacımız var.
teacher	n	öğretmen	Our teacher is very kind.	Öğretmenimiz çok nazik.
land	n	toprak, arazi; kara	They bought some land.	Biraz arazi satın aldılar.
charge	n	ücret; sorumluluk	There is no charge for children.	Çocuklar için ücret yok.
finally	adv	sonunda	Finally, the bus arrived.	Sonunda otobüs geldi.
sign	n	işaret, tabela	Look at the sign.	Tabelaya bak.
